Molecule_Name,SMILES,Total_Energy_Ha,HOMO_eV,LUMO_eV,Gap_eV,Dipole_Moment_Debye,Polarizability_au3,Volume_A3,PSA_A2,Hardness_eV,Electrophilicity_Index,Max_Fukui_f_plus,Max_Fukui_f_minus,Max_Spin_Density,ESP_Min_au,ESP_Max_au,ESP_Variance,File_Path,Nucleophilicity_Index,Max_Fukui_f_radical,ESP_Avg_Pos_au,ESP_Avg_Neg_au
Acetohydroxamic acid_optimized,CC(=O)NO,-280.3302401666725,-3.3299354939601917,2.494031469325397,5.823966963285589,2.538557011343473,152.81760879374318,73.42151096904924,84.95000000000002,2.9119834816427943,0.029993969007958466,0.23057464162280272,0.2508037962410574,0.0,-186.1874020573639,11.183243201705581,5910.24552756419,optimized_molecules/Acetohydroxamic acid_optimized/wavefunctions/Acetohydroxamic acid_optimized_wavefunction.npz,33.34003578301573,0.17668515330937007,9.354825878672589,-124.86696959229678
Acetic acid_optimized,CC(O)=O,-225.80149152082953,-4.421892989523449,3.207376982433416,7.629269971956864,0.8504279670604484,95.15726936101537,59.71945461041735,49.69,3.814634985978432,0.04833519907211957,0.27119636897413546,0.34708531332009507,0.0,-187.31759620457774,8.72814928446512,6370.761392555454,optimized_molecules/Acetic acid_optimized/wavefunctions/Acetic acid_optimized_wavefunction.npz,20.688856551680455,0.2961476900455091,7.885065832359889,-128.08608798288796
